<?xml version="1.0" standalone="yes"?>
<NewDataSet>
  <Table1>
    <Id_Reserva>1</Id_Reserva>
    <Id_Habitacion>2</Id_Habitacion>
    <Fecha_inicio>23/03/2022</Fecha_inicio>
    <Fecha_Finalizacion>30/03/2022</Fecha_Finalizacion>
    <Id_Cliente>2</Id_Cliente>
    <TipoHabitacion>Doble                         </TipoHabitacion>
  </Table1>
  <Table1>
    <Id_Reserva>2</Id_Reserva>
    <Id_Habitacion>1</Id_Habitacion>
    <Fecha_inicio>24/05/2023</Fecha_inicio>
    <Fecha_Finalizacion>04/06/2023</Fecha_Finalizacion>
    <Id_Cliente>1</Id_Cliente>
    <TipoHabitacion>Individual                    </TipoHabitacion>
  </Table1>
</NewDataSet>